type,title_count,share,cumulative_share,entity_rank,hhi
Movie,6131,0.6961507891449983,0.6961507891449983,1,0.5769502641644112
TV Show,2676,0.3038492108550017,1.0,2,0.5769502641644112
