rating_group,title_count,share,cumulative_share,entity_rank,hhi
Mature,4009,0.45520608606790053,0.45520608606790053,1,0.3289146513189513
Teen,2650,0.3008970137390712,0.7561030998069718,2,0.3289146513189513
Family,1411,0.16021346656069035,0.9163165663676621,3,0.3289146513189513
Kids,647,0.07346428976950153,0.9897808561371637,4,0.3289146513189513
Unknown / Unrated,87,0.009878505734075168,0.9996593618712388,5,0.3289146513189513
Other,3,0.00034063812876121267,1.0,6,0.3289146513189513
