cluster_count,silhouette_score,min_cluster_share,max_cluster_share,cluster_share_vector
4,0.1983621294115431,0.04712160781196775,0.3979788804360168,0.287|0.398|0.047|0.268
5,0.21252153272398808,0.04678096968320654,0.38026569774043373,0.247|0.380|0.277|0.049|0.047
6,0.2151177028828397,0.04678096968320654,0.27807425911206995,0.047|0.185|0.194|0.247|0.049|0.278
7,0.21142324640505267,0.042352674009310774,0.2993073691381855,0.299|0.163|0.146|0.042|0.048|0.194|0.107
