country_scope,title_count,share,cumulative_share,entity_rank,hhi
Single-country,4838,0.7760667308309271,0.7760667308309271,1,0.6298889353086539
Multi-country,920,0.1475777991658646,0.9236445299967917,2,0.6298889353086539
Missing country,476,0.0763554700032082,0.9999999999999999,3,0.6298889353086539
