dimension,entity_count,top_3_share,top_5_share,top_10_share,entities_to_50pct,hhi
type,2,1.0,1.0,1.0,1,0.5769502641644112
rating_group,6,0.9163165663676621,0.9996593618712388,1.0,2,0.3289146513189513
genre,42,0.3546550742638307,0.4695440666563163,0.6576618537494178,6,0.06356690561974206
country,122,0.5535357570914902,0.6372353176188573,0.7546943667598882,3,0.16154765300416968
