type,title_count,share,cumulative_share,entity_rank,hhi
Movie,4265,0.6841514276547963,0.6841514276547963,1,0.5678234966145994
TV Show,1969,0.31584857234520375,1.0,2,0.5678234966145994
