type,title_count,valid_lag_title_count,median_release_year,median_lag,p75_lag,share_recent_1y,share_recent_3y,share_recent_5y
Movie,4265,4262,2016.0,1.0,6,0.502815579540122,0.6457062412013139,0.7207883622712342
TV Show,1969,1952,2017.0,1.0,3,0.6598360655737705,0.8032786885245902,0.8714139344262295
