rating_group,title_count,valid_lag_title_count,median_release_year,median_lag,p75_lag,share_recent_1y,share_recent_3y,share_recent_5y
Mature,2537,2530,2017.0,1.0,3,0.6450592885375495,0.7699604743083004,0.8296442687747035
Teen,1984,1978,2016.0,2.0,6,0.4711830131445905,0.6405460060667341,0.7199191102123357
Family,1071,1069,2016.0,2.0,8,0.46585594013096354,0.6033676333021516,0.6903648269410664
Kids,407,404,2017.0,1.0,3,0.6386138613861386,0.7797029702970297,0.8589108910891089
Unknown / Unrated,235,233,2014.0,2.0,6,0.47639484978540775,0.6223175965665236,0.7081545064377682
